SYMBOL,SECTOR
20MICRONS,Basic Materials
21STCENMGM,Financial Services
360ONE,Financial Services
3IINFOLTD,Technology
3MINDIA,Industrials
3PLAND,Industrials
5PAISA,Financial Services
63MOONS,Technology
A2ZINFRA,Industrials
AAATECH,Technology
AAKASH,Energy
AAREYDRUGS,Healthcare
AARON,Industrials
AARTECH,Industrials
AARTIDRUGS,Healthcare
AARTIIND,Basic Materials
AARTIPHARM,Healthcare
AARTISURF,Basic Materials
AARVEEDEN,Consumer Cyclical
AARVI,Industrials
AATMAJ,Healthcare
AAVAS,Financial Services
ABAN,Energy
ABB,Industrials
ABBOTINDIA,Healthcare
ABCAPITAL,Financial Services
ABCOTS,Consumer Cyclical
ABFRL,Consumer Cyclical
ABINFRA,Industrials
ABMINTLLTD,Basic Materials
ABSLAMC,Financial Services
ABSLBANETF,Financial Services
ABSLLIQUID,Financial Services
ABSLNN50ET,Financial Services
ACC,Basic Materials
ACCELYA,Technology
ACCENTMIC,Healthcare
ACCURACY,Industrials
ACE,Industrials
ACEINTEG,Industrials
ACI,Basic Materials
ACL,Basic Materials
ACLGATI,Industrials
ACSAL,Services
ADANIENSOL,Utilities
ADANIENT,Energy
ADANIGREEN,Utilities
ADANIPORTS,Industrials
ADANIPOWER,Utilities
ADFFOODS,Consumer Defensive
ADL,Consumer Cyclical
ADORWELD,Industrials
ADROITINFO,Technology
ADSL,Technology
ADVANIHOTR,Consumer Cyclical
ADVENZYMES,Basic Materials
AEGISCHEM,Energy
AEROFLEX,Industrials
AETHER,Basic Materials
AFFLE,Communication Services
AGARIND,Basic Materials
AGARWALFT,Industrials
AGI,Consumer Cyclical
AGNI,Industrials
AGRITECH,Consumer Defensive
AGROPHOS,Basic Materials
AGSTRA,Technology
AGUL,Industrials
AHL,Financial Services
AHLADA,Industrials
AHLEAST,Consumer Cyclical
AHLUCONT,Industrials
AIAENG,Industrials
AIRAN,Technology
AIROLAM,Consumer Cyclical
AIRTELPP,Communication Services
AISL,Services
AJANTPHARM,Healthcare
AJMERA,Real Estate
AJOONI,Consumer Defensive
AKANKSHA,Industrials
AKASH,Industrials
AKG,Consumer Defensive
AKI,Consumer Cyclical
AKSHAR,Consumer Cyclical
AKSHARCHEM,Basic Materials
AKSHOPTFBR,Technology
AKZOINDIA,Basic Materials
ALANKIT,Technology
ALBERTDAVD,Healthcare
ALEMBICLTD,Real Estate
ALICON,Industrials
ALKALI,Basic Materials
ALKEM,Healthcare
ALKYLAMINE,Basic Materials
ALLCARGO,Industrials
ALLETEC,Technology
ALLSEC,Industrials
ALMONDZ,Financial Services
ALOKINDS,Consumer Cyclical
ALPA,Healthcare
ALPHAETF,Financial Services
ALPHAGEO,Energy
ALPL30IETF,Financial Services
ALPSINDUS,Consumer Cyclical
AMBER,Consumer Cyclical
AMBICAAGAR,Consumer Defensive
AMBIKCO,Consumer Cyclical
AMBUJACEM,Basic Materials
AMDIND,Consumer Cyclical
AMEYA,Industrials
AMIABLE,Industrials
AMIORG,Basic Materials
AMJLAND,Real Estate
AMNPLST,Basic Materials
AMRUTANJAN,Healthcare
ANANDRATHI,Financial Services
ANANTRAJ,Real Estate
ANDHRAPAP,Basic Materials
ANDHRSUGAR,Basic Materials
ANGELONE,Financial Services
ANIKINDS,Consumer Defensive
ANKITMETAL,Basic Materials
ANLON,Services
ANMOL,Energy
ANNAPURNA,Consumer Defensive
ANTGRAPHIC,Consumer Cyclical
ANUP,Industrials
ANURAS,Basic Materials
APARINDS,Industrials
APCL,Basic Materials
APCOTEXIND,Basic Materials
APEX,Consumer Defensive
APLAPOLLO,Basic Materials
APLLTD,Healthcare
APOLLO,Industrials
APOLLOHOSP,Healthcare
APOLLOPIPE,Industrials
APOLLOTYRE,Consumer Cyclical
APOLSINHOT,Industrials
APS,Industrials
APTECHT,Consumer Defensive
APTUS,Financial Services
ARABIAN,Energy
ARCHIDPLY,Basic Materials
ARCHIES,Consumer Cyclical
ARE&M,Industrials
ARENTERP,Basic Materials
ARHAM,Consumer Cyclical
ARIES,Basic Materials
ARIHANTACA,Consumer Cyclical
ARIHANTCAP,Financial Services
ARIHANTSUP,Real Estate
ARISTO,Basic Materials
ARMANFIN,Financial Services
AROGRANITE,Industrials
ARROWGREEN,Consumer Cyclical
ARSHIYA,Industrials
ARTEMISMED,Healthcare
ARTNIRMAN,Real Estate
ARVEE,Basic Materials
ARVIND,Consumer Cyclical
ARVINDFASN,Consumer Cyclical
ARVSMART,Real Estate
ASAHIINDIA,Consumer Cyclical
ASAHISONG,Basic Materials
ASAL,Consumer Cyclical
ASALCBR,Consumer Defensive
ASHAPURMIN,Basic Materials
ASHIANA,Real Estate
ASHIMASYN,Consumer Cyclical
ASHOKA,Industrials
ASHOKAMET,Basic Materials
ASHOKLEY,Industrials
ASIANENE,Energy
ASIANHOTNR,Consumer Cyclical
ASIANPAINT,Basic Materials
ASIANTILES,Industrials
ASKAUTOLTD,Consumer Cyclical
ASLIND,Consumer Cyclical
ASMS,Technology
ASPINWALL,Consumer Defensive
ASTEC,Basic Materials
ASTERDM,Healthcare
ASTRAL,Industrials
ASTRAMICRO,Technology
ASTRAZEN,Healthcare
ASTRON,Basic Materials
ATALREAL,Industrials
ATAM,Industrials
ATFL,Consumer Defensive
ATGL,Utilities
ATL,Industrials
ATLANTAA,Industrials
ATUL,Basic Materials
ATULAUTO,Consumer Cyclical
AUBANK,Financial Services
AURDIS,Consumer Defensive
AURIONPRO,Technology
AUROIMPEX,Industrials
AUROPHARMA,Healthcare
AURUM,Technology
AURUMPP,Technology
AUSOMENT,Financial Services
AUTOAXLES,Consumer Cyclical
AUTOBEES,Financial Services
AUTOIETF,Financial Services
AUTOIND,Consumer Cyclical
AVADHSUGAR,Consumer Defensive
AVALON,Technology
AVANTIFEED,Consumer Defensive
AVG,Industrials
AVONMORE,Financial Services
AVROIND,Consumer Cyclical
AVTNPL,Basic Materials
AWHCL,Industrials
AWL,Consumer Defensive
AXISBANK,Financial Services
AXISBNKETF,Financial Services
AXISBPSETF,Financial Services
AXISCADES,Technology
AXISCETF,Financial Services
AXISGOLD,Financial Services
AXISHCETF,Financial Services
AXISILVER,Financial Services
AXISNIFTY,Financial Services
AXISTECETF,Financial Services
AXITA,Consumer Cyclical
AXSENSEX,Financial Services
AYMSYNTEX,Consumer Cyclical
AZAD,Industrials
BABAFP,Consumer Defensive
BAFNAPH,Healthcare
BAGFILMS,Communication Services
BAHETI,Industrials
BAIDFIN,Financial Services
BAJAJ-AUTO,Consumer Cyclical
BAJAJCON,Consumer Defensive
BAJAJELEC,Consumer Cyclical
BAJAJFINSV,Financial Services
BAJAJHCARE,Healthcare
BAJAJHIND,Consumer Defensive
BAJAJHLDNG,Financial Services
BAJEL,Utilities
BAJFINANCE,Financial Services
BALAJITELE,Communication Services
BALAMINES,Basic Materials
BALAXI,Healthcare
BALKRISHNA,Consumer Cyclical
BALKRISIND,Consumer Cyclical
BALMLAWRIE,Industrials
BALPHARMA,Healthcare
BALRAMCHIN,Consumer Defensive
BANARBEADS,Consumer Cyclical
BANARISUG,Consumer Defensive
BANCOINDIA,Consumer Cyclical
BANDHANBNK,Financial Services
BANG,Consumer Cyclical
BANKA,Industrials
BANKBARODA,Financial Services
BANKBEES,Financial Services
BANKETF,Financial Services
BANKIETF,Financial Services
BANKINDIA,Financial Services
BANSWRAS,Consumer Cyclical
BARBEQUE,Consumer Cyclical
BASF,Basic Materials
BASILIC,Consumer Cyclical
BASML,Consumer Cyclical
BATAINDIA,Consumer Cyclical
BAYERCROP,Basic Materials
BBETF0432,Financial Services
BBL,Industrials
BBNPPGOLD,Financial Services
BBOX,Financial Services
BBTC,Consumer Defensive
BBTCL,Consumer Cyclical
BCG,Communication Services
BCLIND,Consumer Defensive
BCONCEPTS,Consumer Cyclical
BDL,Industrials
BEARDSELL,Industrials
BECTORFOOD,Consumer Defensive
BEDMUTHA,Basic Materials
BEL,Industrials
BEML,Industrials
BEPL,Basic Materials
BERGEPAINT,Basic Materials
BETA,Healthcare
BEWLTD,Industrials
BFINVEST,Financial Services
BFSI,Financial Services
BFUTILITIE,Utilities
BGRENERGY,Industrials
BHAGCHEM,Basic Materials
BHAGERIA,Basic Materials
BHAGYANGR,Basic Materials
BHANDARI,Consumer Cyclical
BHARATFORG,Consumer Cyclical
BHARATGEAR,Consumer Cyclical
BHARATRAS,Basic Materials
BHARATWIRE,Basic Materials
BHARTIARTL,Communication Services
BHEL,Industrials
BIGBLOC,Industrials
BIKAJI,Consumer Defensive
BIL,Consumer Cyclical
BINANIIND,Basic Materials
BIOCON,Healthcare
BIOFILCHEM,Healthcare
BIRET,Consumer Cyclical
BIRLACABLE,Technology
BIRLACORPN,Basic Materials
BIRLAMONEY,Financial Services
BKMINDST,Consumer Cyclical
BLAL,Industrials
BLBLIMITED,Financial Services
BLISSGVS,Healthcare
BLKASHYAP,Industrials
BLS,Industrials
BLUECHIP,Financial Services
BLUEDART,Industrials
BLUEJET,Healthcare
BLUESTARCO,Industrials
BMETRICS,Services
BODALCHEM,Basic Materials
BOHRAIND,Basic Materials
BOMDYEING,Consumer Cyclical
BOROLTD,Consumer Cyclical
BORORENEW,Consumer Cyclical
BOSCHLTD,Consumer Cyclical
BPCL,Energy
BPL,Technology
BRIGADE,Real Estate
BRIGHT,Industrials
BRNL,Industrials
BROOKS,Healthcare
BSE,Financial Services
BSE500IETF,Financial Services
BSHSL,Basic Materials
BSL,Consumer Cyclical
BSLGOLDETF,Basic Materials
BSLNIFTY,Financial Services
BSLSENETFG,Financial Services
BSOFT,Technology
BTML,Communication Services
BURNPUR,Basic Materials
BUTTERFLY,Consumer Cyclical
BVCL,Basic Materials
BYKE,Consumer Cyclical
CADSYS,Services
CALSOFT,Technology
CAMLINFINE,Basic Materials
CAMPUS,Consumer Cyclical
CAMS,Technology
CANARYS,Technology
CANBK,Financial Services
CANFINHOME,Financial Services
CANTABIL,Consumer Cyclical
CAPACITE,Industrials
CAPLIPOINT,Healthcare
CAPTRUST,Financial Services
CARBORUNIV,Industrials
CAREERP,Industrials
CARERATING,Financial Services
CARTRADE,Consumer Cyclical
CARYSIL,Consumer Cyclical
CASTROLIND,Energy
CBAZAAR,Consumer Cyclical
CCHHL,Consumer Cyclical
CCL,Consumer Defensive
CDSL,Financial Services
CEATLTD,Consumer Cyclical
CELEBRITY,Consumer Cyclical
CELLECOR,Consumer Cyclical
CELLO,Consumer Cyclical
CELLPOINT,Consumer Cyclical
CENTENKA,Consumer Cyclical
CENTEXT,Basic Materials
CENTRALBK,Financial Services
CENTRUM,Financial Services
CENTUM,Technology
CENTURYPLY,Basic Materials
CENTURYTEX,Basic Materials
CERA,Industrials
CEREBRAINT,Technology
CESC,Utilities
CGCL,Financial Services
CGPOWER,Industrials
CHALET,Consumer Cyclical
CHAMBLFERT,Basic Materials
CHAVDA,Industrials
CHEMBOND,Basic Materials
CHEMCON,Basic Materials
CHEMFAB,Basic Materials
CHEMPLASTS,Basic Materials
CHENNPETRO,Energy
CHEVIOT,Consumer Cyclical
CHOICEIN,Financial Services
CHOLAHLDNG,Financial Services
CIEINDIA,Consumer Cyclical
CIGNITITEC,Technology
CINELINE,Real Estate
CINEVISTA,Communication Services
CIPLA,Healthcare
CLEAN,Basic Materials
CLEDUCATE,Consumer Defensive
CLOUD,Communication Services
CLSEL,Consumer Defensive
CLSL,Basic Materials
CMNL,Basic Materials
CMRSL,Consumer Cyclical
CMSINFO,Industrials
COALINDIA,Energy
COASTCORP,Consumer Defensive
COCHINSHIP,Industrials
COFFEEDAY,Consumer Cyclical
COFORGE,Technology
COLPAL,Consumer Defensive
COMMITTED,Services
COMMOIETF,Financial Services
COMPINFO,Technology
COMPUSOFT,Consumer Defensive
CONCOR,Industrials
CONCORDBIO,Healthcare
CONFIPET,Energy
CONSOFINVT,Financial Services
CONSUMBEES,Financial Services
CONSUMIETF,Financial Services
CONTROLPR,Industrials
CORALFINAC,Real Estate
CORDSCABLE,Industrials
COROMANDEL,Basic Materials
COSMOFIRST,Consumer Cyclical
COUNCODOS,Real Estate
CPS,Consumer Cyclical
CPSEETF,Financial Services
CRAFTSMAN,Consumer Cyclical
CRAYONS,Consumer Cyclical
CREATIVE,Technology
CREATIVEYE,Communication Services
CREST,Financial Services
CRISIL,Financial Services
CROMPTON,Consumer Cyclical
CROWN,Industrials
CSBBANK,Financial Services
CSLFINANCE,Financial Services
CTE,Technology
CUB,Financial Services
CUBEXTUB,Basic Materials
CUMMINSIND,Industrials
CUPID,Consumer Defensive
CYBERMEDIA,Communication Services
CYBERTECH,Technology
CYIENT,Industrials
CYIENTDLM,Technology
DABUR,Consumer Defensive
DALBHARAT,Basic Materials
DALMIASUG,Consumer Defensive
DAMODARIND,Consumer Cyclical
DANGEE,Consumer Cyclical
DATAMATICS,Technology
DATAPATTNS,Industrials
DBCORP,Communication Services
DBL,Industrials
DBOL,Consumer Defensive
DBREALTY,Real Estate
DBSTOCKBRO,Financial Services
DCAL,Healthcare
DCBBANK,Financial Services
DCI,Technology
DCM,Industrials
DCMFINSERV,Financial Services
DCMNVL,Consumer Cyclical
DCMSHRIRAM,Basic Materials
DCMSRIND,Consumer Defensive
DCW,Basic Materials
DCXINDIA,Industrials
DECCANCE,Basic Materials
DEEPAKFERT,Basic Materials
DEEPAKNTR,Basic Materials
DEEPENR,Energy
DEEPINDS,Energy
DELHIVERY,Industrials
DELPHIFX,Financial Services
DELTACORP,Consumer Cyclical
DELTAMAGNT,Industrials
DEN,Communication Services
DENEERS,Industrials
DENORA,Industrials
DENTALKART,Healthcare
DEVIT,Technology
DEVYANI,Consumer Cyclical
DGCONTENT,Communication Services
DHAMPURSUG,Consumer Defensive
DHANBANK,Financial Services
DHANI,Financial Services
DHANUKA,Basic Materials
DHARMAJ,Basic Materials
DHRUV,Industrials
DHUNINV,Financial Services
DIACABS,Industrials
DIAMINESQ,Basic Materials
DIAMONDYD,Consumer Defensive
DICIND,Basic Materials
DIGIDRIVE,Consumer Cyclical
DIGIKORE,Consumer Cyclical
DIGISPICE,Technology
DIGJAMLMTD,Consumer Cyclical
DIL,Industrials
DISHTV,Communication Services
DIVGIITTS,Consumer Cyclical
DIVISLAB,Healthcare
DIVOPPBEES,Financial Services
DIXON,Technology
DJML,Industrials
DKEGL,Industrials
DLF,Real Estate
DLINKINDIA,Technology
DMART,Consumer Defensive
DMCC,Basic Materials
DNAMEDIA,Communication Services
DODLA,Consumer Defensive
DOLATALGO,Financial Services
DOLLAR,Consumer Cyclical
DOLLEX,Consumer Defensive
DOLPHIN,Energy
DOMS,Industrials
DONEAR,Consumer Cyclical
DPABHUSHAN,Consumer Cyclical
DPSCLTD,Utilities
DPWIRES,Industrials
DRCSYSTEMS,Technology
DREAMFOLKS,Industrials
DREDGECORP,Industrials
DRL,Consumer Cyclical
DRONE,Consumer Cyclical
DRREDDY,Healthcare
DSPBANKETF,Financial Services
DSPGOLDETF,Basic Materials
DSPITETF,Technology
DSPN50ETF,Financial Services
DSPNEWETF,Financial Services
DSPPSBKETF,Financial Services
DSPPVBKETF,Financial Services
DSPQ50ETF,Financial Services
DSPSENXETF,Financial Services
DSPSILVETF,Basic Materials
DSSL,Technology
DTIL,Consumer Defensive
DUCOL,Basic Materials
DUCON,Industrials
DUGLOBAL,Consumer Cyclical
DVL,Financial Services
DWARKESH,Consumer Defensive
DYCL,Industrials
DYNAMATECH,Consumer Cyclical
DYNAMIC,Services
DYNPRO,Basic Materials
E2E,Technology
EASEMYTRIP,Consumer Cyclical
EBBETF0425,Financial Services
EBBETF0430,Financial Services
EBBETF0431,Financial Services
EBBETF0433,Financial Services
ECLERX,Technology
EDELWEISS,Financial Services
EDUCOMP,Consumer Defensive
EFACTOR,Consumer Cyclical
EFORCE,Industrials
EGOLD,Financial Services
EICHERMOT,Consumer Cyclical
EIDPARRY,Basic Materials
EIFFL,Consumer Defensive
EIHAHOTELS,Consumer Cyclical
EIHOTEL,Consumer Cyclical
EIMCOELECO,Industrials
EKC,Industrials
ELDEHSG,Real Estate
ELECON,Industrials
ELECTCAST,Basic Materials
ELECTHERM,Basic Materials
ELGIEQUIP,Industrials
ELGIRUBCO,Consumer Cyclical
ELIN,Industrials
EMAMILTD,Consumer Defensive
EMAMIPAP,Basic Materials
EMAMIREAL,Real Estate
EMBASSY,Consumer Cyclical
EMIL,Consumer Cyclical
EMKAY,Financial Services
EMKAYTOOLS,Industrials
EMMBI,Consumer Cyclical
EMSLIMITED,Industrials
EMUDHRA,Technology
ENDURANCE,Consumer Cyclical
ENERGYDEV,Utilities
ENGINERSIN,Industrials
ENIL,Communication Services
EPIGRAL,Basic Materials
EPL,Consumer Cyclical
EQUIPPP,Basic Materials
EQUITASBNK,Financial Services
ERFLNCDI,Financial Services
ERIS,Healthcare
EROSMEDIA,Communication Services
ESABINDIA,Industrials
ESAFSFB,Financial Services
ESCORTS,Industrials
ESFL,Consumer Cyclical
ESG,Financial Services
ESILVER,Financial Services
ESSARSHPNG,Industrials
ESSENTIA,Consumer Defensive
ESTER,Basic Materials
ETHOSLTD,Consumer Cyclical
EUROBOND,Basic Materials
EUROTEXIND,Consumer Cyclical
EVEREADY,Industrials
EVERESTIND,Industrials
EXCEL,Industrials
EXCELINDUS,Basic Materials
EXIDEIND,Consumer Cyclical
EXPLEOSOL,Technology
EXXARO,Industrials
FACT,Basic Materials
FAIRCHEMOR,Basic Materials
FAZE3Q,Consumer Cyclical
FCL,Basic Materials
FCONSUMER,Consumer Defensive
FCSSOFT,Technology
FDC,Healthcare
FEDERALBNK,Financial Services
FEDFINA,Financial Services
FELDVR,Consumer Cyclical
FELIX,Utilities
FIBERWEB,Consumer Cyclical
FIDEL,Technology
FIEMIND,Consumer Cyclical
FILATEX,Consumer Cyclical
FINCABLES,Industrials
FINEORG,Basic Materials
FINIETF,Financial Services
FINOPB,Financial Services
FINPIPE,Industrials
FIVESTAR,Financial Services
FLAIR,Industrials
FLEXITUFF,Consumer Cyclical
FLFL,Consumer Cyclical
FLUOROCHEM,Basic Materials
FMCGIETF,Financial Services
FMGOETZE,Consumer Cyclical
FMNL,Real Estate
FOCE,Consumer Cyclical
FOCUS,Consumer Cyclical
FOODSIN,Consumer Defensive
FORTIS,Healthcare
FOSECOIND,Basic Materials
FROG,Communication Services
FSC,Industrials
FSL,Technology
FUSION,Financial Services
GABRIEL,Consumer Cyclical
GAEL,Consumer Defensive
GAIL,Utilities
GALAXYSURF,Basic Materials
GALLANTT,Basic Materials
GANDHAR,Energy
GANDHITUBE,Industrials
GANECOS,Consumer Cyclical
GANESHBE,Basic Materials
GANESHHOUC,Real Estate
GANGAFORGE,Industrials
GANGESSECU,Consumer Defensive
GARFIBRES,Consumer Cyclical
GATECH,Financial Services
GATECHDVR,Financial Services
GATEWAY,Industrials
GAYAHWS,Industrials
GEECEE,Real Estate
GEEKAYWIRE,Industrials
GENCON,Industrials
GENESYS,Technology
GENSOL,Industrials
GENUSPAPER,Basic Materials
GENUSPOWER,Industrials
GEOJITFSL,Financial Services
GEPIL,Industrials
GESHIP,Industrials
GET&D,Industrials
GFLLIMITED,Communication Services
GHCL,Basic Materials
GHCLTEXTIL,Consumer Cyclical
GICHSGFIN,Financial Services
GICL,Industrials
GICRE,Financial Services
GILLANDERS,Industrials
GILLETTE,Consumer Defensive
GILT5YBEES,Financial Services
GINNIFILA,Consumer Cyclical
GIPCL,Utilities
GIRIRAJ,Industrials
GKWLIMITED,Industrials
GLAND,Healthcare
GLAXO,Healthcare
GLENMARK,Healthcare
GLFL,Financial Services
GLOBAL,Consumer Defensive
GLOBALPET,Industrials
GLOBALVECT,Industrials
GLOBE,Consumer Cyclical
GLOBUSSPR,Consumer Defensive
GLS,Healthcare
GMBREW,Consumer Defensive
GMDCLTD,Energy
GMMPFAUDLR,Industrials
GMRINFRA,Industrials
GMRP&UI,Energy
GNA,Consumer Cyclical
GNFC,Basic Materials
GOACARBON,Basic Materials
GOCLCORP,Basic Materials
GOCOLORS,Consumer Cyclical
GODFRYPHLP,Consumer Defensive
GODHA,Industrials
GODREJAGRO,Consumer Defensive
GODREJCP,Consumer Defensive
GODREJIND,Industrials
GODREJPROP,Real Estate
GOKEX,Consumer Cyclical
GOKUL,Consumer Defensive
GOKULAGRO,Consumer Defensive
GOLDBEES,Financial Services
GOLDENTOBC,Consumer Defensive
GOLDETF,Financial Services
GOLDIAM,Consumer Cyclical
GOLDIETF,Financial Services
GOLDSHARE,Financial Services
GOLDSTAR,Consumer Cyclical
GOLDTECH,Technology
GOODLUCK,Basic Materials
GOYALALUM,Basic Materials
GOYALSALT,Consumer Defensive
GPIL,Basic Materials
GPPL,Industrials
GPTINFRA,Industrials
GRANULES,Healthcare
GRAPHISAD,Consumer Cyclical
GRAPHITE,Industrials
GRASIM,Basic Materials
GRASIM-RE,Real Estate
GRAVITA,Industrials
GREAVESCOT,Industrials
GREENCHEF,Consumer Cyclical
GREENLAM,Consumer Cyclical
GREENPANEL,Basic Materials
GREENPLY,Basic Materials
GREENPOWER,Utilities
GRINDWELL,Industrials
GRINFRA,Industrials
GRMOVER,Consumer Defensive
GROBTEA,Consumer Defensive
GRPLTD,Consumer Cyclical
GRSE,Industrials
GRWRHITECH,Basic Materials
GSEC10IETF,Financial Services
GSEC10YEAR,Financial Services
GSEC5IETF,Financial Services
GSFC,Basic Materials
GSLSU,Basic Materials
GSPL,Utilities
GSS,Technology
GSTL,Technology
GTECJAINX,Consumer Defensive
GTL,Communication Services
GTLINFRA,Technology
GTPL,Communication Services
GUFICBIO,Healthcare
GUJALKALI,Basic Materials
GUJAPOLLO,Industrials
GUJGASLTD,Utilities
GUJRAFFIA,Industrials
GULFOILLUB,Basic Materials
GULFPETRO,Energy
GULPOLY,Basic Materials
GVKPIL,Utilities
GVPTECH,Technology
HAL,Industrials
HAPPSTMNDS,Technology
HAPPYFORGE,Industrials
HARDWYN,Industrials
HARIOMPIPE,Basic Materials
HARRMALAYA,Consumer Defensive
HARSHA,Industrials
HATHWAY,Communication Services
HATSUN,Consumer Defensive
HAVELLS,Industrials
HAVISHA,Consumer Cyclical
HBLPOWER,Industrials
HBSL,Financial Services
HCC,Industrials
HCG,Healthcare
HCL-INSYS,Technology
HDFCAMC,Financial Services
HDFCBANK,Financial Services
HDFCBSE500,Financial Services
HDFCGOLD,Financial Services
HDFCGROWTH,Financial Services
HDFCLIFE,Financial Services
HDFCLIQUID,Financial Services
HDFCLOWVOL,Financial Services
HDFCMID150,Financial Services
HDFCMOMENT,Financial Services
HDFCNEXT50,Financial Services
HDFCNIF100,Financial Services
HDFCNIFBAN,Financial Services
HDFCNIFIT,Financial Services
HDFCNIFTY,Financial Services
HDFCPVTBAN,Financial Services
HDFCQUAL,Financial Services
HDFCSENSEX,Financial Services
HDFCSILVER,Financial Services
HDFCSML250,Financial Services
HDFCVALUE,Financial Services
HEADSUP,Consumer Cyclical
HEALTHIETF,Financial Services
HEALTHY,Financial Services
HECPROJECT,Industrials
HEG,Industrials
HEIDELBERG,Basic Materials
HEMIPROP,Real Estate
HERANBA,Basic Materials
HERCULES,Industrials
HERITGFOOD,Consumer Defensive
HEROMOTOCO,Consumer Cyclical
HESTERBIO,Healthcare
HEUBACHIND,Basic Materials
HEXATRADEX,Financial Services
HFCL,Technology
HGINFRA,Industrials
HGS,Industrials
HIGREEN,Utilities
HIKAL,Healthcare
HIL,Industrials
HILTON,Industrials
HIMATSEIDE,Consumer Cyclical
HINDALCO,Basic Materials
HINDCOMPOS,Consumer Cyclical
HINDCON,Basic Materials
HINDCOPPER,Basic Materials
HINDMOTORS,Consumer Cyclical
HINDOILEXP,Energy
HINDPETRO,Energy
HINDUNILVR,Consumer Defensive
HINDWAREAP,Consumer Cyclical
HINDZINC,Basic Materials
HIRECT,Industrials
HISARMETAL,Basic Materials
HITECH,Basic Materials
HITECHCORP,Consumer Cyclical
HITECHGEAR,Consumer Cyclical
HLEGLAS,Industrials
HLVLTD,Consumer Cyclical
HMAAGRO,Consumer Defensive
HMT,Industrials
HMVL,Communication Services
HNDFDS,Consumer Defensive
HNGSNGBEES,Financial Services
HOLMARC,Industrials
HOMEFIRST,Financial Services
HOMESFY,Consumer Cyclical
HONASA,Consumer Defensive
HONAUT,Industrials
HONDAPOWER,Industrials
HOVS,Technology
HPAL,Basic Materials
HPIL,Basic Materials
HPL,Industrials
HRHNEXT,Services
HSCL,Basic Materials
HTMEDIA,Communication Services
HUBTOWN,Real Estate
HUHTAMAKI,Consumer Cyclical
HYBRIDFIN,Financial Services
IBLFL,Financial Services
IBREALEST,Real Estate
ICDSLTD,Real Estate
ICEMAKE,Industrials
ICICIB22,Financial Services
ICICIBANK,Financial Services
ICICIGI,Financial Services
ICICIPRULI,Financial Services
ICIL,Consumer Cyclical
ICRA,Financial Services
IDBI,Financial Services
IDEA,Communication Services
IDEAFORGE,Technology
IDFC,Financial Services
IDFCFIRSTB,Financial Services
IDFNIFTYET,Financial Services
IEL,Industrials
IEX,Financial Services
IFBAGRO,Consumer Defensive
IFBIND,Consumer Cyclical
IFGLEXPOR,Basic Materials
IGARASHI,Consumer Cyclical
IGL,Utilities
IGPL,Basic Materials
IIFCL,Financial Services
IIFLSEC,Financial Services
IITL,Financial Services
IKIO,Technology
IL&FSENGG,Industrials
IL&FSTRANS,Industrials
IMAGICAA,Communication Services
IMFA,Basic Materials
IMPAL,Consumer Cyclical
IMPEXFERRO,Basic Materials
INCREDIBLE,Basic Materials
INDBANK,Financial Services
INDHOTEL,Consumer Cyclical
INDIACEM,Basic Materials
INDIAGLYCO,Basic Materials
INDIAMART,Communication Services
INDIANB,Financial Services
INDIANCARD,Consumer Cyclical
INDIANHUME,Industrials
INDIASHLTR,Financial Services
INDIFRA,Energy
INDIGO,Industrials
INDIGOPNTS,Basic Materials
INDNIPPON,Consumer Cyclical
INDOAMIN,Basic Materials
INDOBORAX,Basic Materials
INDOCO,Healthcare
INDORAMA,Consumer Cyclical
INDOSTAR,Financial Services
INDOTECH,Industrials
INDOTHAI,Financial Services
INDOWIND,Utilities
INDRAMEDCO,Healthcare
INDSWFTLAB,Healthcare
INDSWFTLTD,Healthcare
INDTERRAIN,Consumer Cyclical
INDUSINDBK,Financial Services
INDUSTOWER,Communication Services
INFINIUM,Healthcare
INFOBEAN,Technology
INFOLLION,Services
INFOMEDIA,Financial Services
INFRABEES,Financial Services
INFRAIETF,Financial Services
INFY,Technology
INGERRAND,Industrials
INNOVACAP,Healthcare
INNOVANA,Technology
INNOVATIVE,Consumer Cyclical
INOXGREEN,Utilities
INOXINDIA,Industrials
INOXWIND,Industrials
INSECTICID,Basic Materials
INSPIRE,Consumer Cyclical
INSPIRISYS,Technology
INTELLECT,Technology
INTENTECH,Technology
INTLCONV,Industrials
INVENTURE,Financial Services
IOB,Financial Services
IOC,Energy
IOLCP,Healthcare
IONEXCHANG,Industrials
IPCALAB,Healthcare
IPL,Basic Materials
IPSL,Services
IRB,Industrials
IRBINVIT,Services
IRCON,Industrials
IRCTC,Industrials
IRIS,Technology
IRISDOREME,Consumer Cyclical
IRMENERGY,Utilities
ISEC,Financial Services
ISFT,Consumer Cyclical
ISGEC,Industrials
ISHAN,Industrials
ISMTLTD,Basic Materials
ITBEES,Financial Services
ITC,Consumer Defensive
ITDC,Consumer Cyclical
ITDCEM,Industrials
ITETF,Financial Services
ITI,Technology
ITIETF,Financial Services
IVC,Financial Services
IVP,Basic Materials
IVZINGOLD,Financial Services
IVZINNIFTY,Financial Services
IWEL,Industrials
IZMO,Technology
J&KBANK,Financial Services
JAGRAN,Communication Services
JAGSNPHARM,Healthcare
JAIBALAJI,Basic Materials
JAICORPLTD,Basic Materials
JAINAM,Basic Materials
JAIPURKURT,Consumer Cyclical
JAMNAAUTO,Consumer Cyclical
JASH,Industrials
JAYAGROGN,Basic Materials
JAYBARMARU,Consumer Cyclical
JAYNECOIND,Basic Materials
JAYSREETEA,Consumer Defensive
JBCHEPHARM,Healthcare
JBMA,Consumer Cyclical
JCHAC,Consumer Cyclical
JETAIRWAYS,Industrials
JETFREIGHT,Industrials
JFLLIFE,Healthcare
JHS,Consumer Defensive
JINDALPHOT,Financial Services
JINDALPOLY,Basic Materials
JINDALSAW,Basic Materials
JINDALSTEL,Basic Materials
JINDRILL,Energy
JINDWORLD,Consumer Cyclical
JIOFIN,Financial Services
JISLDVREQS,Industrials
JISLJALEQS,Industrials
JITFINFRA,Industrials
JIWANRAM,Industrials
JKCEMENT,Basic Materials
JKIL,Industrials
JKLAKSHMI,Basic Materials
JKPAPER,Basic Materials
JKTYRE,Consumer Cyclical
JLHL,Healthcare
JMA,Consumer Cyclical
JMFINANCIL,Financial Services
JOCIL,Basic Materials
JPASSOCIAT,Industrials
JPOLYINVST,Financial Services
JPPOWER,Utilities
JSL,Basic Materials
JSLL,Healthcare
JSWENERGY,Utilities
JSWHL,Industrials
JSWINFRA,Industrials
JSWSTEEL,Basic Materials
JTEKTINDIA,Consumer Cyclical
JTLIND,Basic Materials
JUBLFOOD,Consumer Cyclical
JUBLINDS,Basic Materials
JUBLINGREA,Basic Materials
JUBLPHARMA,Healthcare
JUNIORBEES,Financial Services
JUSTDIAL,Communication Services
JWL,Industrials
JYOTHYLAB,Consumer Defensive
JYOTICNC,Industrials
JYOTISTRUC,Industrials
KABRAEXTRU,Industrials
KAJARIACER,Industrials
KAKATCEM,Basic Materials
KALAMANDIR,Consumer Cyclical
KALYANIFRG,Consumer Cyclical
KALYANKJIL,Consumer Cyclical
KAMATHOTEL,Consumer Cyclical
KAMDHENU,Basic Materials
KAMOPAINTS,Basic Materials
KANANIIND,Consumer Cyclical
KANDARP,Services
KANORICHEM,Basic Materials
KANPRPLA,Consumer Cyclical
KANSAINER,Basic Materials
KAPSTON,Industrials
KARMAENG,Utilities
KARNIKA,Consumer Cyclical
KARURVYSYA,Financial Services
KAVVERITEL,Technology
KAYA,Consumer Defensive
KAYNES,Industrials
KBCGLOBAL,Real Estate
KCEIL,Industrials
KCK,Consumer Defensive
KCP,Basic Materials
KCPSUGIND,Consumer Defensive
KDDL,Consumer Cyclical
KDL,Communication Services
KEC,Industrials
KECL,Industrials
KEEPLEARN,Consumer Defensive
KEI,Industrials
KEL,Consumer Cyclical
KELLTONTEC,Technology
KERNEX,Technology
KESORAMIND,Basic Materials
KEYFINSERV,Financial Services
KFINTECH,Technology
KHADIM,Consumer Cyclical
KHAICHEM,Basic Materials
KHAITANLTD,Consumer Cyclical
KHANDSE,Financial Services
KHFM,Services
KICL,Financial Services
KILITCH,Healthcare
KIMS,Healthcare
KINGFA,Basic Materials
KIOCL,Basic Materials
KIRIINDUS,Basic Materials
KIRLOSBROS,Industrials
KIRLOSENG,Industrials
KIRLOSIND,Industrials
KIRLPNU,Industrials
KITEX,Consumer Cyclical
KKCL,Consumer Cyclical
KLL,Consumer Cyclical
KMSUGAR,Consumer Defensive
KNAGRI,Consumer Defensive
KNRCON,Industrials
KODYTECH,Technology
KOHINOOR,Consumer Defensive
KOKUYOCMLN,Industrials
KOLTEPATIL,Real Estate
KONTOR,Services
KOPRAN,Healthcare
KORE,Consumer Cyclical
KOTAKALPHA,Financial Services
KOTAKBANK,Financial Services
KOTAKBKETF,Financial Services
KOTAKCONS,Financial Services
KOTAKGOLD,Financial Services
KOTAKIT,Financial Services
KOTAKLIQ,Financial Services
KOTAKLOVOL,Financial Services
KOTAKMID50,Financial Services
KOTAKMNC,Financial Services
KOTAKNIFTY,Financial Services
KOTAKNV20,Financial Services
KOTAKPSUBK,Financial Services
KOTAKSILVE,Financial Services
KOTARISUG,Consumer Defensive
KOTHARIPET,Basic Materials
KOTHARIPRO,Industrials
KOTYARK,Energy
KPIGREEN,Utilities
KPIL,Industrials
KPITTECH,Technology
KPRMILL,Consumer Cyclical
KRBL,Consumer Defensive
KREBSBIO,Healthcare
KRIDHANINF,Basic Materials
KRISHANA,Basic Materials
KRISHCA,Industrials
KRISHNADEF,Industrials
KRITI,Industrials
KRITIKA,Basic Materials
KRITINUT,Consumer Defensive
KRSNAA,Healthcare
KSB,Industrials
KSCL,Basic Materials
KSHITIJPOL,Basic Materials
KSL,Basic Materials
KSOLVES,Technology
KTKBANK,Financial Services
KUANTUM,Basic Materials
L&TFH,Financial Services
LAGNAM,Consumer Cyclical
LAL,Consumer Cyclical
LALPATHLAB,Healthcare
LAMBODHARA,Consumer Cyclical
LANDMARK,Consumer Cyclical
LAOPALA,Consumer Cyclical
LASA,Healthcare
LATENTVIEW,Industrials
LATTEYS,Industrials
LAURUSLABS,Healthcare
LAXMICOT,Consumer Cyclical
LAXMIMACH,Industrials
LCCINFOTEC,Consumer Defensive
LEMERITE,Consumer Cyclical
LEMONTREE,Consumer Cyclical
LEXUS,Industrials
LFIC,Financial Services
LGBBROSLTD,Consumer Cyclical
LGBFORGE,Industrials
LGHL,Consumer Cyclical
LIBAS,Consumer Cyclical
LIBERTSHOE,Consumer Cyclical
LICHSGFIN,Financial Services
LICI,Financial Services
LICMFGOLD,Financial Services
LICNETFGSC,Financial Services
LICNETFN50,Financial Services
LICNETFSEN,Financial Services
LICNFNHGP,Financial Services
LIKHITHA,Energy
LINC,Industrials
LINCOLN,Healthcare
LINDEINDIA,Basic Materials
LIQUID,Financial Services
LIQUIDBEES,Financial Services
LIQUIDETF,Financial Services
LIQUIDIETF,Financial Services
LIQUIDSBI,Financial Services
LLOYDS,Consumer Cyclical
LLOYDSENGG,Industrials
LLOYDSME,Basic Materials
LODHA,Real Estate
LOKESHMACH,Industrials
LORDSCHLO,Basic Materials
LOTUSEYE,Healthcare
LOVABLE,Consumer Cyclical
LOWVOL,Financial Services
LOWVOLIETF,Financial Services
LOYALTEX,Consumer Cyclical
LPDC,Real Estate
LRRPL,Industrials
LT,Industrials
LTFOODS,Consumer Defensive
LTGILTBEES,Financial Services
LTIM,Technology
LTTS,Technology
LUMAXIND,Consumer Cyclical
LUMAXTECH,Consumer Cyclical
LUPIN,Healthcare
LUXIND,Consumer Cyclical
LXCHEM,Basic Materials
LYKALABS,Healthcare
LYPSAGEMS,Consumer Cyclical
M&M,Consumer Cyclical
MAANALU,Basic Materials
MACPOWER,Industrials
MADHAV,Industrials
MADHAVBAUG,Healthcare
MADHUCON,Industrials
MADHUSUDAN,Consumer Defensive
MADRASFERT,Basic Materials
MAFANG,Financial Services
MAGADSUGAR,Consumer Defensive
MAGNUM,Basic Materials
MAGSON,Consumer Defensive
MAHABANK,Financial Services
MAHAPEXLTD,Financial Services
MAHASTEEL,Basic Materials
MAHEPC,Industrials
MAHESHWARI,Industrials
MAHICKRA,Basic Materials
MAHKTECH,Financial Services
MAHLIFE,Real Estate
MAHLOG,Industrials
MAHSCOOTER,Consumer Cyclical
MAHSEAMLES,Basic Materials
MAITHANALL,Basic Materials
MAITREYA,Healthcare
MAKEINDIA,Financial Services
MAKS,Industrials
MAL,Industrials
MALLCOM,Industrials
MALUPAPER,Basic Materials
MANAKALUCO,Basic Materials
MANAKCOAT,Industrials
MANAKSIA,Industrials
MANAKSTEEL,Basic Materials
MANALIPETC,Basic Materials
MANAPPURAM,Financial Services
MANAV,Industrials
MANGALAM,Healthcare
MANGCHEFER,Basic Materials
MANGLMCEM,Basic Materials
MANINDS,Basic Materials
MANINFRA,Industrials
MANKIND,Healthcare
MANOMAY,Consumer Cyclical
MANORAMA,Consumer Defensive
MANORG,Basic Materials
MANUGRAPH,Industrials
MANYAVAR,Consumer Cyclical
MAPMYINDIA,Technology
MARALOVER,Consumer Cyclical
MARATHON,Real Estate
MARCO,Industrials
MARICO,Consumer Defensive
MARINE,Industrials
MARINETRAN,Services
MARKSANS,Healthcare
MARSHALL,Industrials
MARUTI,Consumer Cyclical
MASFIN,Financial Services
MASKINVEST,Financial Services
MASPTOP50,Financial Services
MASTEK,Technology
MATRIMONY,Communication Services
MAWANASUG,Consumer Defensive
MAXESTATES,Real Estate
MAXHEALTH,Healthcare
MAXIND,Healthcare
MAYURUNIQ,Consumer Cyclical
MAZDA,Industrials
MAZDOCK,Industrials
MBAPL,Basic Materials
MBECL,Industrials
MBLINFRA,Industrials
MCDOWELL-N,Consumer Defensive
MCL,Basic Materials
MCLEODRUSS,Consumer Defensive
MCON,Basic Materials
MCX,Financial Services
MDL,Consumer Cyclical
MEDANTA,Healthcare
MEDICAMEQ,Healthcare
MEDICO,Healthcare
MEDPLUS,Healthcare
MEGAFLEX,Basic Materials
MEGASOFT,Healthcare
MEGASTAR,Consumer Defensive
MELSTAR,Technology
MENONBE,Consumer Cyclical
MEP,Industrials
METROBRAND,Consumer Cyclical
METROPOLIS,Healthcare
MFSL,Financial Services
MGEL,Consumer Defensive
MGL,Utilities
MHHL,Healthcare
MHLXMIRU,Consumer Cyclical
MHRIL,Consumer Cyclical
MICEL,Technology
MICROPRO,Technology
MID150BEES,Financial Services
MIDCAPETF,Financial Services
MIDCAPIETF,Financial Services
MIDHANI,Basic Materials
MIDSELIETF,Financial Services
MILTON,Consumer Cyclical
MINDACORP,Consumer Cyclical
MINDPOOL,Technology
MINDSPACE,Consumer Cyclical
MINDTECK,Technology
MIRCELECTR,Consumer Cyclical
MIRZAINT,Consumer Cyclical
MITCON,Industrials
MITTAL,Consumer Cyclical
MKPL,Consumer Defensive
MMFL,Industrials
MMP,Basic Materials
MMTC,Industrials
MODIRUBBER,Real Estate
MODISONLTD,Industrials
MOGSEC,Financial Services
MOHEALTH,Financial Services
MOHITIND,Consumer Cyclical
MOIL,Basic Materials
MOKSH,Consumer Cyclical
MOL,Basic Materials
MOLDTECH,Industrials
MOLDTKPAC,Industrials
MOLOWVOL,Financial Services
MOM100,Financial Services
MOM30IETF,Financial Services
MOM50,Financial Services
MOMENTUM,Financial Services
MOMOMENTUM,Financial Services
MON100,Financial Services
MONARCH,Financial Services
MONIFTY500,Financial Services
MONOPHARMA,Healthcare
MONQ50,Financial Services
MONTECARLO,Consumer Cyclical
MOQUALITY,Financial Services
MORARJEE,Consumer Cyclical
MOREPENLAB,Healthcare
MOS,Financial Services
MOTHERSON,Consumer Cyclical
MOTILALOFS,Financial Services
MOTISONS,Consumer Cyclical
MOTOGENFIN,Real Estate
MOVALUE,Financial Services
MPHASIS,Technology
MPSLTD,Communication Services
MPTODAY,Communication Services
MRF,Consumer Cyclical
MRO-TEK,Technology
MRPL,Energy
MSPL,Basic Materials
MSTCLTD,Industrials
MSUMI,Consumer Cyclical
MTARTECH,Industrials
MTEDUCARE,Consumer Defensive
MTNL,Communication Services
MUFIN,Financial Services
MUFTI,Consumer Cyclical
MUKANDLTD,Basic Materials
MUKTAARTS,Communication Services
MUNJALAU,Consumer Cyclical
MUNJALSHOW,Consumer Cyclical
MURUDCERA,Industrials
MUTHOOTCAP,Financial Services
MUTHOOTFIN,Financial Services
MUTHOOTMF,Financial Services
MVGJL,Consumer Cyclical
MWL,Basic Materials
NACLIND,Basic Materials
NAGAFERT,Basic Materials
NAGREEKCAP,Financial Services
NAGREEKEXP,Consumer Cyclical
NAHARCAP,Financial Services
NAHARINDUS,Consumer Cyclical
NAHARPOLY,Consumer Cyclical
NAHARSPING,Consumer Cyclical
NAM-INDIA,Financial Services
NARMADA,Basic Materials
NATCOPHARM,Healthcare
NATHBIOGEN,Basic Materials
NATIONALUM,Basic Materials
NAUKRI,Communication Services
NAVA,Industrials
NAVINFLUOR,Basic Materials
NAVINIFTY,Financial Services
NAVKARCORP,Industrials
NAVNETEDUL,Communication Services
NAZARA,Communication Services
NBCC,Industrials
NBIFIN,Financial Services
NCC,Industrials
NCLIND,Basic Materials
NDGL,Financial Services
NDL,Consumer Cyclical
NDLVENTURE,Communication Services
NDRAUTO,Consumer Cyclical
NDTV,Communication Services
NECCLTD,Industrials
NECLIFE,Healthcare
NELCAST,Industrials
NELCO,Technology
NEOGEN,Basic Materials
NESCO,Industrials
NESTLEIND,Consumer Defensive
NETF,Financial Services
NETWEB,Technology
NETWORK18,Communication Services
NEULANDLAB,Healthcare
NEWGEN,Technology
NEWJAISA,Technology
NEXT50,Financial Services
NEXT50IETF,Financial Services
NEXTMEDIA,Communication Services
NFL,Basic Materials
NGIL,Consumer Defensive
NGLFINE,Healthcare
NH,Healthcare
NIACL,Financial Services
NIBL,Industrials
NIDAN,Healthcare
NIF100BEES,Financial Services
NIF100IETF,Financial Services
NIFMID150,Financial Services
NIFTYBEES,Financial Services
NIFTYETF,Financial Services
NIFTYIETF,Financial Services
NIFTYQLITY,Financial Services
NIITLTD,Consumer Defensive
NIITMTS,Consumer Defensive
NILAINFRA,Real Estate
NILASPACES,Real Estate
NILKAMAL,Consumer Cyclical
NINSYS,Technology
NIPPOBATRY,Industrials
NIRAJ,Industrials
NIRMAN,Consumer Defensive
NITCO,Industrials
NITINSPIN,Consumer Cyclical
NITIRAJ,Technology
NKIND,Consumer Defensive
NLCINDIA,Utilities
NMDC,Basic Materials
NOCIL,Basic Materials
NOIDATOLL,Industrials
NORBTEAEXP,Consumer Defensive
NPBET,Financial Services
NPST,Technology
NRAIL,Basic Materials
NRBBEARING,Consumer Cyclical
NRL,Industrials
NSIL,Financial Services
NSLNISP,Basic Materials
NUCLEUS,Technology
NURECA,Healthcare
NUVAMA,Financial Services
NUVOCO,Basic Materials
NV20BEES,Financial Services
NV20IETF,Financial Services
NXST,Consumer Cyclical
NYKAA,Consumer Cyclical
OAL,Basic Materials
OBCL,Industrials
OBEROIRLTY,Real Estate
OCCL,Basic Materials
OFSS,Technology
OIL,Energy
OILCOUNTUB,Energy
OLECTRA,Industrials
OLIL,Services
OMAXAUTO,Consumer Cyclical
OMAXE,Real Estate
OMINFRAL,Industrials
OMKARCHEM,Basic Materials
ONDOOR,Consumer Cyclical
ONELIFECAP,Financial Services
ONEPOINT,Industrials
ONGC,Energy
ONMOBILE,Communication Services
ONWARDTEC,Technology
OPTIEMUS,Technology
ORBTEXP,Consumer Cyclical
ORCHPHARMA,Healthcare
ORIANA,Industrials
ORICONENT,Industrials
ORIENTALTL,Industrials
ORIENTBELL,Industrials
ORIENTCEM,Basic Materials
ORIENTCER,Basic Materials
ORIENTELEC,Consumer Cyclical
ORIENTHOT,Consumer Cyclical
ORIENTLTD,Industrials
ORIENTPPR,Basic Materials
ORISSAMINE,Basic Materials
ORTINLAB,Healthcare
OSIAHYPER,Consumer Cyclical
OSWALAGRO,Real Estate
OSWALGREEN,Financial Services
OSWALSEEDS,Basic Materials
PAGEIND,Consumer Cyclical
PAISALO,Financial Services
PAKKA,Basic Materials
PALASHSECU,Consumer Defensive
PALREDTEC,Technology
PANACEABIO,Healthcare
PANACHE,Technology
PANAMAPET,Energy
PANSARI,Real Estate
PAR,Healthcare
PARACABLES,Technology
PARADEEP,Basic Materials
PARAGMILK,Consumer Defensive
PARAGON,Basic Materials
PARAS,Industrials
PARASPETRO,Consumer Cyclical
PARIN,Consumer Cyclical
PARSVNATH,Real Estate
PARTYCRUS,Consumer Cyclical
PASUPTAC,Consumer Cyclical
PATANJALI,Consumer Defensive
PATELENG,Industrials
PATINTLOG,Industrials
PATTECH,Industrials
PAVNAIND,Consumer Cyclical
PAYTM,Technology
PCBL,Basic Materials
PCJEWELLER,Consumer Cyclical
PDMJEPAPER,Basic Materials
PDSL,Industrials
PEARLPOLY,Consumer Cyclical
PENIND,Industrials
PENINLAND,Real Estate
PENTAGON,Industrials
PERFECT,Industrials
PERSISTENT,Technology
PETRONET,Energy
PFIZER,Healthcare
PFOCUS,Communication Services
PFS,Financial Services
PGEL,Technology
PGHH,Consumer Defensive
PGHL,Healthcare
PGIL,Consumer Cyclical
PGINVIT,Utilities
PHANTOMFX,Consumer Cyclical
PHARMABEES,Financial Services
PHOENIXLTD,Real Estate
PIDILITIND,Basic Materials
PIGL,Industrials
PIIND,Basic Materials
PILANIINVS,Financial Services
PILITA,Consumer Cyclical
PIONEEREMB,Consumer Cyclical
PITTIENG,Industrials
PIXTRANS,Industrials
PKTEA,Consumer Defensive
PLADAINFO,Services
PLASTIBLEN,Basic Materials
PLAZACABLE,Industrials
PNB,Financial Services
PNBGILTS,Financial Services
PNBHOUSING,Financial Services
PNC,Communication Services
PNCINFRA,Industrials
POCL,Basic Materials
PODDARHOUS,Real Estate
PODDARMENT,Basic Materials
POKARNA,Industrials
POLICYBZR,Financial Services
POLYCAB,Industrials
POLYMED,Healthcare
POLYPLEX,Basic Materials
PONNIERODE,Consumer Defensive
POONAWALLA,Financial Services
POWERGRID,Utilities
POWERINDIA,Technology
POWERMECH,Industrials
PPAP,Consumer Cyclical
PPL,Industrials
PPLPHARMA,Healthcare
PRAENG,Real Estate
PRAJIND,Industrials
PRAKASH,Basic Materials
PRAKASHSTL,Basic Materials
PRAMARA,Consumer Cyclical
PRAXIS,Consumer Cyclical
PRECAM,Consumer Cyclical
PRECISION,Consumer Cyclical
PRECOT,Consumer Cyclical
PRECWIRE,Industrials
PREMEXPLN,Basic Materials
PREMIERPOL,Basic Materials
PRESSTONIC,Industrials
PRESTIGE,Real Estate
PRICOLLTD,Consumer Cyclical
PRIMESECU,Financial Services
PRINCEPIPE,Industrials
PRITI,Consumer Cyclical
PRITIKA,Consumer Cyclical
PRITIKAUTO,Industrials
PRIVISCL,Basic Materials
PROLIFE,Basic Materials
PROPEQUITY,Consumer Cyclical
PROV,Financial Services
PROZONER,Real Estate
PRSMJOHNSN,Basic Materials
PRUDENT,Financial Services
PRUDMOULI,Consumer Cyclical
PSB,Financial Services
PSPPROJECT,Industrials
PSUBNKBEES,Financial Services
PSUBNKIETF,Financial Services
PTC,Utilities
PTCIL,Industrials
PTL,Real Estate
PULZ,Consumer Cyclical
PUNJABCHEM,Basic Materials
PURVA,Real Estate
PVP,Industrials
PVRINOX,Communication Services
PVTBANIETF,Financial Services
PYRAMID,Industrials
QFIL,Industrials
QGOLDHALF,Financial Services
QMSMEDI,Healthcare
QNIFTY,Financial Services
QUADPRO,Technology
QUAL30IETF,Financial Services
QUESS,Industrials
QUICKHEAL,Technology
QUICKTOUCH,Technology
RACE,Industrials
RADAAN,Communication Services
RADHIKAJWE,Consumer Cyclical
RADIANTCMS,Industrials
RADICO,Consumer Defensive
RAILTEL,Communication Services
RAIN,Basic Materials
RAINBOW,Healthcare
RAJESHEXPO,Consumer Cyclical
RAJMET,Basic Materials
RAJRATAN,Basic Materials
RAJRILTD,Consumer Cyclical
RAJSREESUG,Consumer Defensive
RAJTV,Communication Services
RALLIS,Basic Materials
RAMANEWS,Basic Materials
RAMAPHO,Basic Materials
RAMASTEEL,Basic Materials
RAMCOCEM,Basic Materials
RAMCOIND,Industrials
RAMCOSYS,Technology
RAMKY,Industrials
RAMRAT,Industrials
RANASUG,Consumer Defensive
RANEENGINE,Consumer Cyclical
RANEHOLDIN,Consumer Cyclical
RATEGAIN,Technology
RATNAMANI,Basic Materials
RATNAVEER,Basic Materials
RAYMOND,Consumer Cyclical
RBA,Consumer Cyclical
RBL,Consumer Cyclical
RBLBANK,Financial Services
RBMINFRA,Services
RBZJEWEL,Consumer Cyclical
RCDL,Consumer Cyclical
RCF,Basic Materials
REDINGTON,Technology
REDTAPE,Consumer Cyclical
REFEX,Energy
REGENCERAM,Industrials
RELAXO,Consumer Cyclical
RELCHEMQ,Consumer Cyclical
RELIABLE,Technology
RELIANCE,Energy
RELIGARE,Financial Services
RELINFRA,Utilities
REMSONSIND,Consumer Cyclical
REMUS,Healthcare
RENUKA,Consumer Defensive
REPCOHOME,Financial Services
REPL,Industrials
REPRO,Industrials
RESPONIND,Basic Materials
RGL,Consumer Cyclical
RHFL,Financial Services
RHIM,Industrials
RHL,Consumer Cyclical
RICOAUTO,Consumer Cyclical
RIIL,Industrials
RILINFRA,Industrials
RISHABH,Technology
RITCO,Industrials
RITES,Industrials
RITEZONE,Basic Materials
RKDL,Consumer Defensive
RKEC,Industrials
RKFORGE,Industrials
RMDRIP,Industrials
RML,Consumer Cyclical
ROCKINGDCE,Services
ROHLTD,Consumer Cyclical
ROLEXRINGS,Industrials
ROLLT,Industrials
ROML,Consumer Cyclical
ROSSARI,Basic Materials
ROSSELLIND,Industrials
ROTO,Industrials
ROUTE,Communication Services
ROXHITECH,Technology
RPGLIFE,Healthcare
RPOWER,Utilities
RPPINFRA,Industrials
RPPL,Consumer Cyclical
RPSGVENT,Technology
RRKABEL,Industrials
RSSOFTWARE,Technology
RSWM,Consumer Cyclical
RSYSTEMS,Technology
RTNINDIA,Consumer Cyclical
RTNPOWER,Utilities
RUBYMILLS,Consumer Cyclical
RUCHINFRA,Industrials
RUCHIRA,Basic Materials
RUPA,Consumer Cyclical
RUSHIL,Consumer Cyclical
RUSTOMJEE,Real Estate
RVHL,Real Estate
RVNL,Industrials
S&SPOWER,Industrials
SAAKSHI,Industrials
SABEVENTS,Communication Services
SABTN,Communication Services
SADBHAV,Industrials
SADBHIN,Industrials
SADHNANIQ,Basic Materials
SAFARI,Consumer Cyclical
SAGARDEEP,Basic Materials
SAGCEM,Basic Materials
SAH,Consumer Cyclical
SAHAJ,Consumer Cyclical
SAHANA,Technology
SAHYADRI,Industrials
SAIFL,Consumer Cyclical
SAIL,Basic Materials
SAKAR,Healthcare
SAKHTISUG,Consumer Defensive
SAKSOFT,Technology
SAKUMA,Consumer Defensive
SALASAR,Basic Materials
SALONA,Consumer Cyclical
SALSTEEL,Basic Materials
SALZERELEC,Industrials
SAMBHAAV,Communication Services
SAMHI,Consumer Cyclical
SAMPANN,Basic Materials
SANCO,Industrials
SANDESH,Communication Services
SANDHAR,Consumer Cyclical
SANDUMA,Basic Materials
SANGAMIND,Consumer Cyclical
SANGANI,Healthcare
SANGHIIND,Basic Materials
SANGHVIMOV,Industrials
SANGINITA,Basic Materials
SANOFI,Healthcare
SANSERA,Industrials
SAPPHIRE,Consumer Cyclical
SARDAEN,Basic Materials
SAREGAMA,Communication Services
SARLAPOLY,Consumer Cyclical
SAROJA,Basic Materials
SARTELE,Communication Services
SARVESHWAR,Consumer Defensive
SASKEN,Technology
SASTASUNDR,Healthcare
SATIA,Basic Materials
SATIN,Financial Services
SATINDLTD,Industrials
SBC,Industrials
SBCL,Industrials
SBFC,Financial Services
SBGLP,Real Estate
SBICARD,Financial Services
SBIETFCON,Financial Services
SBIETFIT,Financial Services
SBIETFPB,Financial Services
SBIETFQLTY,Financial Services
SBILIFE,Financial Services
SBIN,Financial Services
SCHAEFFLER,Consumer Cyclical
SCHAND,Communication Services
SCHNEIDER,Industrials
SCI,Industrials
SCML,Industrials
SCPL,Consumer Defensive
SDBL,Consumer Defensive
SDL24BEES,Financial Services
SDL26BEES,Financial Services
SEAMECLTD,Industrials
SECL,Industrials
SECMARK,Industrials
SECURCRED,Industrials
SECURKLOUD,Technology
SEL,Industrials
SELAN,Energy
SELMC,Consumer Cyclical
SEMAC,Industrials
SENCO,Consumer Cyclical
SENSEXETF,Financial Services
SENSEXIETF,Financial Services
SEPC,Industrials
SEQUENT,Healthcare
SERVICE,Services
SERVOTECH,Industrials
SESHAPAPER,Basic Materials
SETCO,Consumer Cyclical
SETF10GILT,Financial Services
SETFGOLD,Financial Services
SETFNIF50,Financial Services
SETFNIFBK,Financial Services
SETFNN50,Financial Services
SEYAIND,Basic Materials
SFL,Consumer Cyclical
SGBAPR28I,Financial Services
SGBAUG24,Financial Services
SGBAUG27,Financial Services
SGBAUG28V,Financial Services
SGBAUG29V,Financial Services
SGBAUG30,Financial Services
SGBD29VIII,Financial Services
SGBDC27VII,Financial Services
SGBDE30III,Financial Services
SGBDEC2513,Financial Services
SGBFEB24,Financial Services
SGBFEB27,Financial Services
SGBFEB29XI,Financial Services
SGBJAN27,Financial Services
SGBJAN29IX,Financial Services
SGBJAN29X,Financial Services
SGBJAN30IX,Financial Services
SGBJU29III,Financial Services
SGBJUL25,Financial Services
SGBJUL27,Financial Services
SGBJUL28IV,Financial Services
SGBJUL29IV,Financial Services
SGBJUN27,Financial Services
SGBJUN28,Financial Services
SGBJUN29II,Financial Services
SGBJUN30,Financial Services
SGBJUN31I,Financial Services
SGBMAR24,Financial Services
SGBMAR25,Financial Services
SGBMAR28X,Financial Services
SGBMAR30X,Financial Services
SGBMAR31IV,Financial Services
SGBMAY25,Financial Services
SGBMAY26,Financial Services
SGBMAY28,Financial Services
SGBMAY29I,Financial Services
SGBMR29XII,Financial Services
SGBN28VIII,Financial Services
SGBNOV24,Financial Services
SGBNOV26,Financial Services
SGBNV29VII,Financial Services
SGBOC28VII,Financial Services
SGBOCT25IV,Financial Services
SGBOCT25V,Financial Services
SGBOCT26,Financial Services
SGBOCT27,Financial Services
SGBOCT27VI,Financial Services
SGBSEP24,Financial Services
SGBSEP27,Financial Services
SGBSEP28VI,Financial Services
SGBSEP29VI,Financial Services
SGBSEP31II,Financial Services
SGIL,Industrials
SGL,Consumer Cyclical
SHAH,Basic Materials
SHAHALLOYS,Basic Materials
SHAILY,Basic Materials
SHAKTIPUMP,Industrials
SHALBY,Healthcare
SHALPAINTS,Basic Materials
SHANKARA,Consumer Cyclical
SHANTHALA,Consumer Cyclical
SHANTI,Consumer Defensive
SHANTIGEAR,Industrials
SHARDACROP,Basic Materials
SHARDAMOTR,Consumer Cyclical
SHARIABEES,Financial Services
SHEETAL,Consumer Cyclical
SHEMAROO,Communication Services
SHERA,Industrials
SHIGAN,Consumer Cyclical
SHILPAMED,Healthcare
SHIVALIK,Basic Materials
SHIVAMAUTO,Consumer Cyclical
SHIVAMILLS,Consumer Cyclical
SHIVATEX,Consumer Cyclical
SHK,Basic Materials
SHOPERSTOP,Consumer Cyclical
SHRADHA,Real Estate
SHREDIGCEM,Basic Materials
SHREECEM,Basic Materials
SHREEOSFM,Services
SHREEPUSHK,Basic Materials
SHREERAMA,Consumer Cyclical
SHRENIK,Basic Materials
SHREYANIND,Basic Materials
SHREYAS,Industrials
SHRIPISTON,Consumer Cyclical
SHRIRAMPPS,Real Estate
SHRITECH,Industrials
SHUBHLAXMI,Consumer Cyclical
SHYAMCENT,Basic Materials
SHYAMMETL,Basic Materials
SHYAMTEL,Technology
SICALLOG,Industrials
SIEMENS,Industrials
SIGACHI,Healthcare
SIGIND,Basic Materials
SIGMA,Technology
SIGNATURE,Real Estate
SIKKO,Basic Materials
SIL,Consumer Cyclical
SILGO,Consumer Cyclical
SILINV,Financial Services
SILLYMONKS,Communication Services
SILVER,Financial Services
SILVERBEES,Financial Services
SILVERETF,Financial Services
SILVERIETF,Financial Services
SILVERTUC,Technology
SILVRETF,Financial Services
SIMBHALS,Consumer Defensive
SIMPLEXINF,Industrials
SINDHUTRAD,Industrials
SINTERCOM,Consumer Cyclical
SIRCA,Basic Materials
SIS,Industrials
SIYSIL,Consumer Cyclical
SJLOGISTIC,Services
SJS,Consumer Cyclical
SJVN,Utilities
SKFINDIA,Industrials
SKIPPER,Industrials
SKMEGGPROD,Consumer Defensive
SKP,Industrials
SKYGOLD,Consumer Cyclical
SMARTLINK,Technology
SMCGLOBAL,Financial Services
SMLISUZU,Consumer Cyclical
SMLT,Industrials
SMSLIFE,Healthcare
SMSPHARMA,Healthcare
SMVD,Industrials
SNOWMAN,Industrials
SOBHA,Real Estate
SOFTTECH,Technology
SOLARA,Healthcare
SOLARINDS,Basic Materials
SOLEX,Industrials
SOMANYCERA,Industrials
SOMATEX,Consumer Cyclical
SOMICONVEY,Industrials
SONACOMS,Consumer Cyclical
SONAMLTD,Consumer Cyclical
SONATSOFTW,Technology
SONUINFRA,Industrials
SOTAC,Healthcare
SOTL,Basic Materials
SOUTHBANK,Financial Services
SOUTHWEST,Energy
SPAL,Consumer Cyclical
SPANDANA,Financial Services
SPARC,Healthcare
SPCENET,Financial Services
SPECIALITY,Consumer Cyclical
SPECTRUM,Industrials
SPECTSTM,Services
SPENCERS,Consumer Cyclical
SPIC,Basic Materials
SPLIL,Consumer Cyclical
SPLPETRO,Basic Materials
SPMLINFRA,Industrials
SPORTKING,Consumer Cyclical
SPYL,Consumer Cyclical
SREEL,Consumer Cyclical
SRF,Basic Materials
SRGHFL,Financial Services
SRHHYPOLTD,Basic Materials
SRIVASAVI,Industrials
SRPL,Consumer Defensive
SSFL,Consumer Cyclical
SSWL,Consumer Cyclical
STAR,Healthcare
STARCEMENT,Basic Materials
STARHEALTH,Financial Services
STARPAPER,Basic Materials
STARTECK,Financial Services
STCINDIA,Industrials
STEELCAS,Basic Materials
STEELCITY,Financial Services
STEELXIND,Basic Materials
STEL,Consumer Defensive
STERTOOLS,Industrials
STLTECH,Industrials
STOVEKRAFT,Consumer Cyclical
STYLAMIND,Consumer Cyclical
STYRENIX,Basic Materials
SUBEXLTD,Technology
SUBROS,Consumer Cyclical
SUDARSCHEM,Basic Materials
SUKHJITS,Basic Materials
SULA,Consumer Defensive
SUMICHEM,Basic Materials
SUMIT,Real Estate
SUMMITSEC,Financial Services
SUNCLAY,Industrials
SUNDARAM,Basic Materials
SUNDARMFIN,Financial Services
SUNDARMHLD,Industrials
SUNDRMBRAK,Consumer Cyclical
SUNDRMFAST,Consumer Cyclical
SUNFLAG,Basic Materials
SUNPHARMA,Healthcare
SUNREST,Healthcare
SUNTECK,Real Estate
SUNTV,Communication Services
SUPERHOUSE,Consumer Cyclical
SUPERSPIN,Consumer Cyclical
SUPRAJIT,Consumer Cyclical
SUPREMEENG,Basic Materials
SUPREMEIND,Industrials
SUPREMEINF,Industrials
SUPREMEPWR,Industrials
SUPRIYA,Healthcare
SURAJEST,Real Estate
SURANASOL,Technology
SURANAT&P,Utilities
SURANI,Industrials
SURYALAXMI,Consumer Cyclical
SURYAROSNI,Basic Materials
SURYODAY,Financial Services
SUTLEJTEX,Consumer Cyclical
SUULD,Consumer Cyclical
SUVEN,Healthcare
SUVENPHAR,Healthcare
SUVIDHAA,Technology
SUZLON,Industrials
SVLL,Industrials
SVPGLOB,Consumer Cyclical
SWANENERGY,Consumer Cyclical
SWARAJ,Consumer Cyclical
SWARAJENG,Consumer Cyclical
SWASTIK,Industrials
SWELECTES,Technology
SWSOLAR,Technology
SYMPHONY,Consumer Cyclical
SYNCOMF,Healthcare
SYNGENE,Healthcare
SYNOPTICS,Technology
SYRMA,Technology
SYSTANGO,Technology
TAINWALCHM,Basic Materials
TAJGVK,Consumer Cyclical
TAKE,Healthcare
TALBROAUTO,Consumer Cyclical
TANLA,Technology
TAPIFRUIT,Consumer Cyclical
TARACHAND,Services
TARAPUR,Industrials
TARC,Real Estate
TARMAT,Industrials
TARSONS,Healthcare
TASTYBITE,Consumer Defensive
TATACHEM,Basic Materials
TATACOMM,Communication Services
TATACONSUM,Consumer Defensive
TATAELXSI,Technology
TATAGOLD,Financial Services
TATAINVEST,Financial Services
TATAMETALI,Basic Materials
TATAMOTORS,Consumer Cyclical
TATAMTRDVR,Consumer Cyclical
TATAPOWER,Utilities
TATASTEEL,Basic Materials
TATATECH,Technology
TATSILV,Financial Services
TATVA,Basic Materials
TBZ,Consumer Cyclical
TCI,Industrials
TCIEXP,Industrials
TCLCONS,Industrials
TCNSBRANDS,Consumer Cyclical
TCPLPACK,Consumer Cyclical
TCS,Technology
TDPOWERSYS,Industrials
TEAMLEASE,Industrials
TECH,Financial Services
TECHIN,Real Estate
TECHLABS,Technology
TECHM,Technology
TECHNOE,Industrials
TECILCHEM,Financial Services
TEGA,Industrials
TEJASNET,Technology
TEMBO,Industrials
TERASOFT,Technology
TEXINFRA,Real Estate
TEXMOPIPES,Industrials
TEXRAIL,Industrials
TFCILTD,Financial Services
TFL,Financial Services
TGBHOTELS,Consumer Cyclical
THANGAMAYL,Consumer Cyclical
THEINVEST,Financial Services
THEJO,Industrials
THEMISMED,Healthcare
THERMAX,Industrials
THOMASCOOK,Consumer Cyclical
THOMASCOTT,Consumer Cyclical
THYROCARE,Healthcare
TI,Consumer Defensive
TIDEWATER,Basic Materials
TIIL,Industrials
TIINDIA,Industrials
TIJARIA,Industrials
TIL,Industrials
TIMESGTY,Financial Services
TIMETECHNO,Consumer Cyclical
TIMKEN,Industrials
TINPLATE,Basic Materials
TIPSFILMS,Communication Services
TIPSINDLTD,Communication Services
TIRUMALCHM,Basic Materials
TIRUPATIFL,Industrials
TITAGARH,Industrials
TITAN,Consumer Cyclical
TMB,Financial Services
TNIDETF,Financial Services
TNPETRO,Basic Materials
TNPL,Basic Materials
TNTELE,Technology
TOKYOPLAST,Consumer Cyclical
TORNTPHARM,Healthcare
TORNTPOWER,Utilities
TOTAL,Industrials
TOUCHWOOD,Communication Services
TPHQ,Industrials
TPLPLASTEH,Consumer Cyclical
TRACXN,Technology
TRANSTEEL,Consumer Cyclical
TREEHOUSE,Consumer Defensive
TREJHARA,Technology
TREL,Real Estate
TRENT,Consumer Cyclical
TRF,Industrials
TRIDENT,Consumer Cyclical
TRIDHYA,Services
TRIGYN,Technology
TRIL,Industrials
TRITURBINE,Industrials
TRIVENI,Consumer Defensive
TRU,Financial Services
TTKHLTCARE,Healthcare
TTKPRESTIG,Consumer Cyclical
TTL,Consumer Cyclical
TTML,Communication Services
TV18BRDCST,Communication Services
TVSELECT,Technology
TVSMOTOR,Consumer Cyclical
TVSSCS,Industrials
TVSSRICHAK,Consumer Cyclical
TVTODAY,Communication Services
TVVISION,Communication Services
UBL,Consumer Defensive
UCAL,Consumer Cyclical
UCOBANK,Financial Services
UDS,Industrials
UFLEX,Consumer Cyclical
UFO,Communication Services
UGARSUGAR,Consumer Defensive
UJJIVAN,Financial Services
UJJIVANSFB,Financial Services
ULTRACEMCO,Basic Materials
UMA,Industrials
UMAEXPORTS,Consumer Defensive
UMANGDAIRY,Consumer Defensive
UMESLTD,Consumer Defensive
UNICHEMLAB,Healthcare
UNIDT,Energy
UNIENTER,Basic Materials
UNIHEALTH,Healthcare
UNIINFO,Communication Services
UNIONBANK,Financial Services
UNIPARTS,Industrials
UNITECH,Real Estate
UNITEDPOLY,Consumer Cyclical
UNITEDTEA,Consumer Defensive
UNIVAFOODS,Financial Services
UNIVASTU,Industrials
UNIVCABLES,Industrials
UNIVPHOTO,Healthcare
UNOMINDA,Consumer Cyclical
UPL,Basic Materials
URAVI,Consumer Cyclical
URBAN,Utilities
URJA,Technology
USASEEDS,Consumer Defensive
USHAMART,Basic Materials
USK,Industrials
UTIAMC,Financial Services
UTIBANKETF,Financial Services
UTINEXT50,Financial Services
UTINIFTETF,Financial Services
UTISENSETF,Financial Services
UTISXN50,Financial Services
UTKARSHBNK,Financial Services
UTTAMSUGAR,Consumer Defensive
V2RETAIL,Consumer Cyclical
VADILALIND,Consumer Defensive
VAIBHAVGBL,Consumer Cyclical
VAISHALI,Healthcare
VAKRANGEE,Technology
VALIANTLAB,Healthcare
VALIANTORG,Basic Materials
VARDHACRLC,Consumer Cyclical
VARDMNPOLY,Consumer Cyclical
VARROC,Consumer Cyclical
VASA,Consumer Cyclical
VASCONEQ,Industrials
VASWANI,Basic Materials
VBL,Consumer Defensive
VCL,Consumer Cyclical
VEDL,Basic Materials
VEEKAYEM,Consumer Cyclical
VELS,Consumer Cyclical
VENKEYS,Consumer Defensive
VENUSPIPES,Basic Materials
VENUSREM,Healthcare
VERANDA,Consumer Defensive
VERTEXPLUS,Technology
VERTOZ,Communication Services
VESUVIUS,Industrials
VETO,Industrials
VGUARD,Industrials
VHL,Financial Services
VIAZ,Consumer Cyclical
VIDHIING,Basic Materials
VIJAYA,Healthcare
VIJIFIN,Financial Services
VIKASECO,Basic Materials
VIKASLIFE,Consumer Defensive
VIMTALABS,Healthcare
VINATIORGA,Basic Materials
VINDHYATEL,Industrials
VINEETLAB,Basic Materials
VINNY,Consumer Cyclical
VINSYS,Consumer Cyclical
VINYAS,Industrials
VINYLINDIA,Basic Materials
VIPCLOTHNG,Consumer Cyclical
VIPIND,Consumer Cyclical
VIPULLTD,Real Estate
VIRINCHI,Technology
VISAKAIND,Industrials
VISESHINFO,Technology
VISHNU,Basic Materials
VISHNUINFR,Chemicals
VISHWARAJ,Consumer Defensive
VITAL,Chemicals
VIVIANA,Industrials
VIVIDHA,Consumer Cyclical
VLEGOV,Industrials
VLSFINANCE,Financial Services
VMARCIND,Industrials
VMART,Consumer Cyclical
VOLTAMP,Industrials
VOLTAS,Industrials
VPRPL,Industrials
VRLLOG,Industrials
VSCL,Chemicals
VSSL,Basic Materials
VSTIND,Consumer Defensive
VSTTILLERS,Industrials
VTL,Consumer Cyclical
WABAG,Industrials
WALCHANNAG,Industrials
WALPAR,Healthcare
WANBURY,Healthcare
WEALTH,Financial Services
WEBELSOLAR,Technology
WEIZMANIND,Consumer Cyclical
WEL,Consumer Cyclical
WELCORP,Basic Materials
WELENT,Industrials
WELINV,Financial Services
WELSPUNLIV,Consumer Cyclical
WENDT,Industrials
WESTLIFE,Consumer Cyclical
WEWIN,Technology
WHEELS,Consumer Cyclical
WHIRLPOOL,Consumer Cyclical
WILLAMAGOR,Financial Services
WINDLAS,Healthcare
WINDMACHIN,Industrials
WINSOME,Consumer Cyclical
WIPL,Basic Materials
WIPRO,Technology
WOCKPHARMA,Healthcare
WOMANCART,Consumer Cyclical
WONDERLA,Consumer Cyclical
WORTH,Industrials
WSI,Industrials
WSTCSTPAPR,Basic Materials
XCHANGING,Technology
XELPMOC,Technology
XPROINDIA,Basic Materials
YAARI,Financial Services
YASHO,Basic Materials
YATHARTH,Healthcare
YATRA,Consumer Cyclical
YCCL,Chemicals
YESBANK,Financial Services
YUDIZ,Technology
YUKEN,Industrials
ZAGGLE,Technology
ZEAL,Services
ZEEL,Communication Services
ZEELEARN,Consumer Defensive
ZEEMEDIA,Communication Services
ZENITHEXPO,Consumer Cyclical
ZENITHSTL,Basic Materials
ZENSARTECH,Technology
ZENTEC,Industrials
ZFCVINDIA,Consumer Cyclical
ZIMLAB,Healthcare
ZODIAC,Industrials
ZODIACLOTH,Consumer Cyclical
ZOMATO,Consumer Cyclical
ZOTA,Healthcare
ZUARI,Basic Materials
ZUARIIND,Industrials
ZYDUSLIFE,Healthcare
ZYDUSWELL,Consumer Defensive
BRITANNIA,Consumer Defensive
CHOLAFIN,Financial Services
CREDITACC,Financial Services
DHANILOANS,Financial Services
ECLFINANCE,Financial Services
HCLTECH,Technology
HUDCO,Financial Services
IBUCCREDIT,Financial Services
IBULHSG,Financial Services
IBULHSGFIN,Financial Services
IFCI,Financial Services
IIFL,Financial Services
IIFLSAMFIN,Financial Services
IIHFL,Financial Services
IMC1,Services
INCREDFIN,Financial Services
INDIGRID,Utilities
INFIBEAM,Technology
IREDA,Financial Services
IRFC,Financial Services
L&TFIN,Financial Services
M&MFIN,Financial Services
NABARD,Financial Services
NAVIFIN,Financial Services
NHAI,Infrastructure
NHIT,Infrastructure
NHPC,Utilities
NTPC,Utilities
PCHFL,Financial Services
PEL,Financial Services
PFC,Financial Services
RADIOCITY,Communication Services
RECLTD,Financial Services
SHAREINDIA,Financial Services
SHRIRAMFIN,Financial Services
TATACAP,Financial Services
TATACAPHSG,Financial Services
TVSHLTD,Consumer Cyclical
UGROCAP,Financial Services
